,xgboost,qda,lda,naive_bayes
0,0.5616574255227806,0.6256346676516971,0.5752108814863939,0.6243031591256624
